{"cameraMode":{"drawMode":0,"name":"Shaded","section":"Shading Mode"},"sceneLighting":false,"audioPlay":false,"sceneViewState":{"m_AlwaysRefresh":false,"showFog":true,"showSkybox":false,"showFlares":true,"showImageEffects":true,"showParticleSystems":true,"showVisualEffectGraphs":true,"m_FxEnabled":true},"in2DMode":false,"pivot":{"x":-0.039999961853027347,"y":0.18899911642074586,"z":0.2318953573703766},"rotation":{"x":0.14597871899604798,"y":-0.17267024517059327,"z":0.025896314531564714,"w":0.9737492203712463},"size":3.149275302886963,"orthographic":false}